,index,date,close,high,low,open,volume,date1,year,month,day,time,Size of Candle,is_forty_point
0,122027,2022-01-03 09:15:00+05:30,17473.2,17474.65,17387.15,17387.15,0,2022-01-03,2022,1,3,09:15:00,86.04999999999927,True
1,122028,2022-01-03 09:20:00+05:30,17439.2,17478.1,17438.9,17470.95,0,2022-01-03,2022,1,3,09:20:00,-31.75,False
2,122029,2022-01-03 09:25:00+05:30,17462.35,17463.8,17436.35,17439.75,0,2022-01-03,2022,1,3,09:25:00,22.599999999998545,False
3,122030,2022-01-03 09:30:00+05:30,17462.8,17473.1,17450.75,17463.2,0,2022-01-03,2022,1,3,09:30:00,-0.4000000000014552,False
4,122031,2022-01-03 09:35:00+05:30,17473.5,17475.05,17461.4,17463.0,0,2022-01-03,2022,1,3,09:35:00,10.5,False
5,122032,2022-01-03 09:40:00+05:30,17463.35,17474.35,17460.85,17473.55,0,2022-01-03,2022,1,3,09:40:00,-10.200000000000728,False
6,122033,2022-01-03 09:45:00+05:30,17484.8,17484.8,17461.0,17463.1,0,2022-01-03,2022,1,3,09:45:00,21.700000000000728,False
7,122034,2022-01-03 09:50:00+05:30,17493.95,17497.35,17482.4,17484.9,0,2022-01-03,2022,1,3,09:50:00,9.049999999999272,False
8,122035,2022-01-03 09:55:00+05:30,17497.5,17498.2,17485.25,17492.85,0,2022-01-03,2022,1,3,09:55:00,4.650000000001455,False
9,122036,2022-01-03 10:00:00+05:30,17496.65,17499.25,17486.25,17496.3,0,2022-01-03,2022,1,3,10:00:00,0.3500000000021828,False
80,122107,2022-01-04 09:40:00+05:30,17657.4,17657.4,17594.25,17617.0,0,2022-01-04,2022,1,4,09:40:00,40.400000000001455,True
81,122108,2022-01-04 09:45:00+05:30,17675.55,17677.7,17655.0,17657.85,0,2022-01-04,2022,1,4,09:45:00,17.700000000000728,False
82,122109,2022-01-04 09:50:00+05:30,17681.45,17682.55,17670.1,17675.35,0,2022-01-04,2022,1,4,09:50:00,6.100000000002183,False
83,122110,2022-01-04 09:55:00+05:30,17699.95,17701.0,17677.1,17681.1,0,2022-01-04,2022,1,4,09:55:00,18.850000000002183,False
84,122111,2022-01-04 10:00:00+05:30,17697.65,17702.6,17690.45,17699.7,0,2022-01-04,2022,1,4,10:00:00,-2.0499999999992724,False
85,122112,2022-01-04 10:05:00+05:30,17713.1,17714.5,17695.55,17697.45,0,2022-01-04,2022,1,4,10:05:00,15.649999999997817,False
86,122113,2022-01-04 10:10:00+05:30,17722.4,17723.05,17712.2,17714.95,0,2022-01-04,2022,1,4,10:10:00,7.450000000000728,False
87,122114,2022-01-04 10:15:00+05:30,17731.5,17733.05,17722.45,17722.45,0,2022-01-04,2022,1,4,10:15:00,9.049999999999272,False
88,122115,2022-01-04 10:20:00+05:30,17708.4,17731.45,17699.15,17731.45,0,2022-01-04,2022,1,4,10:20:00,-23.049999999999272,False
89,122116,2022-01-04 10:25:00+05:30,17711.75,17714.9,17699.25,17708.35,0,2022-01-04,2022,1,4,10:25:00,3.400000000001455,False
155,122182,2022-01-05 09:40:00+05:30,17796.5,17798.1,17750.1,17752.35,0,2022-01-05,2022,1,5,09:40:00,44.150000000001455,True
156,122183,2022-01-05 09:45:00+05:30,17814.35,17826.2,17795.45,17796.4,0,2022-01-05,2022,1,5,09:45:00,17.94999999999709,False
157,122184,2022-01-05 09:50:00+05:30,17819.1,17821.7,17810.3,17815.05,0,2022-01-05,2022,1,5,09:50:00,4.049999999999272,False
158,122185,2022-01-05 09:55:00+05:30,17842.8,17842.8,17816.05,17819.85,0,2022-01-05,2022,1,5,09:55:00,22.950000000000728,False
159,122186,2022-01-05 10:00:00+05:30,17839.4,17843.6,17833.5,17842.15,0,2022-01-05,2022,1,5,10:00:00,-2.75,False
160,122187,2022-01-05 10:05:00+05:30,17842.25,17843.15,17825.65,17839.55,0,2022-01-05,2022,1,5,10:05:00,2.7000000000007276,False
161,122188,2022-01-05 10:10:00+05:30,17845.75,17853.45,17841.7,17841.85,0,2022-01-05,2022,1,5,10:10:00,3.900000000001455,False
162,122189,2022-01-05 10:15:00+05:30,17847.95,17853.45,17840.4,17845.7,0,2022-01-05,2022,1,5,10:15:00,2.25,False
163,122190,2022-01-05 10:20:00+05:30,17832.65,17849.45,17826.0,17847.9,0,2022-01-05,2022,1,5,10:20:00,-15.25,False
164,122191,2022-01-05 10:25:00+05:30,17824.25,17841.15,17824.25,17831.4,0,2022-01-05,2022,1,5,10:25:00,-7.150000000001455,False
676,122703,2022-01-14 09:20:00+05:30,18181.0,18181.2,18129.1,18132.7,0,2022-01-14,2022,1,14,09:20:00,48.29999999999927,True
677,122704,2022-01-14 09:25:00+05:30,18183.25,18183.25,18167.8,18182.15,0,2022-01-14,2022,1,14,09:25:00,1.0999999999985448,False
678,122705,2022-01-14 09:30:00+05:30,18195.3,18197.6,18167.6,18182.5,0,2022-01-14,2022,1,14,09:30:00,12.799999999999272,False
679,122706,2022-01-14 09:35:00+05:30,18217.25,18223.85,18194.15,18194.35,0,2022-01-14,2022,1,14,09:35:00,22.900000000001455,False
680,122707,2022-01-14 09:40:00+05:30,18223.9,18228.1,18207.6,18216.9,0,2022-01-14,2022,1,14,09:40:00,7.0,False
681,122708,2022-01-14 09:45:00+05:30,18229.1,18229.25,18216.8,18224.65,0,2022-01-14,2022,1,14,09:45:00,4.44999999999709,False
682,122709,2022-01-14 09:50:00+05:30,18213.5,18230.9,18209.55,18228.75,0,2022-01-14,2022,1,14,09:50:00,-15.25,False
683,122710,2022-01-14 09:55:00+05:30,18202.85,18214.45,18201.5,18214.45,0,2022-01-14,2022,1,14,09:55:00,-11.600000000002183,False
684,122711,2022-01-14 10:00:00+05:30,18193.75,18202.05,18187.05,18202.05,0,2022-01-14,2022,1,14,10:00:00,-8.299999999999272,False
685,122712,2022-01-14 10:05:00+05:30,18185.1,18206.45,18184.2,18194.85,0,2022-01-14,2022,1,14,10:05:00,-9.75,False
750,122777,2022-01-17 09:15:00+05:30,18296.4,18297.55,18234.05,18235.65,0,2022-01-17,2022,1,17,09:15:00,60.75,True
751,122778,2022-01-17 09:20:00+05:30,18299.45,18304.0,18282.95,18295.6,0,2022-01-17,2022,1,17,09:20:00,3.850000000002183,False
752,122779,2022-01-17 09:25:00+05:30,18256.75,18300.7,18245.2,18300.7,0,2022-01-17,2022,1,17,09:25:00,-43.95000000000073,False
753,122780,2022-01-17 09:30:00+05:30,18255.65,18268.65,18244.9,18257.5,0,2022-01-17,2022,1,17,09:30:00,-1.8499999999985448,False
754,122781,2022-01-17 09:35:00+05:30,18276.15,18284.25,18249.85,18255.6,0,2022-01-17,2022,1,17,09:35:00,20.55000000000291,False
755,122782,2022-01-17 09:40:00+05:30,18263.45,18279.2,18253.6,18276.0,0,2022-01-17,2022,1,17,09:40:00,-12.549999999999272,False
756,122783,2022-01-17 09:45:00+05:30,18253.5,18262.25,18237.05,18262.25,0,2022-01-17,2022,1,17,09:45:00,-8.75,False
757,122784,2022-01-17 09:50:00+05:30,18257.4,18267.9,18238.5,18252.65,0,2022-01-17,2022,1,17,09:50:00,4.75,False
758,122785,2022-01-17 09:55:00+05:30,18261.05,18271.3,18252.3,18257.75,0,2022-01-17,2022,1,17,09:55:00,3.2999999999992724,False
759,122786,2022-01-17 10:00:00+05:30,18279.85,18284.25,18261.35,18261.35,0,2022-01-17,2022,1,17,10:00:00,18.5,False
906,122933,2022-01-19 09:45:00+05:30,18022.2,18024.4,17961.3,17964.85,0,2022-01-19,2022,1,19,09:45:00,57.35000000000218,True
907,122934,2022-01-19 09:50:00+05:30,18020.85,18035.95,18013.8,18021.35,0,2022-01-19,2022,1,19,09:50:00,-0.5,False
908,122935,2022-01-19 09:55:00+05:30,18048.45,18048.45,18019.9,18020.7,0,2022-01-19,2022,1,19,09:55:00,27.75,False
909,122936,2022-01-19 10:00:00+05:30,18042.05,18054.9,18021.5,18048.5,0,2022-01-19,2022,1,19,10:00:00,-6.450000000000728,False
910,122937,2022-01-19 10:05:00+05:30,18042.45,18045.25,18028.2,18041.45,0,2022-01-19,2022,1,19,10:05:00,1.0,False
911,122938,2022-01-19 10:10:00+05:30,18038.1,18045.8,18033.55,18042.65,0,2022-01-19,2022,1,19,10:10:00,-4.55000000000291,False
912,122939,2022-01-19 10:15:00+05:30,18053.85,18065.2,18038.7,18038.7,0,2022-01-19,2022,1,19,10:15:00,15.149999999997817,False
913,122940,2022-01-19 10:20:00+05:30,18003.5,18060.35,18003.5,18053.7,0,2022-01-19,2022,1,19,10:20:00,-50.20000000000073,False
914,122941,2022-01-19 10:25:00+05:30,18003.55,18014.35,17989.15,18003.3,0,2022-01-19,2022,1,19,10:25:00,0.25,False
915,122942,2022-01-19 10:30:00+05:30,18008.6,18021.45,17999.7,18003.75,0,2022-01-19,2022,1,19,10:30:00,4.849999999998545,False
1053,123080,2022-01-21 09:30:00+05:30,17603.45,17605.65,17538.3,17554.35,0,2022-01-21,2022,1,21,09:30:00,49.10000000000218,True
1054,123081,2022-01-21 09:35:00+05:30,17593.1,17623.95,17577.2,17597.15,0,2022-01-21,2022,1,21,09:35:00,-4.05000000000291,False
1055,123082,2022-01-21 09:40:00+05:30,17622.25,17622.55,17583.35,17592.6,0,2022-01-21,2022,1,21,09:40:00,29.650000000001455,False
1056,123083,2022-01-21 09:45:00+05:30,17661.25,17664.5,17613.3,17622.1,0,2022-01-21,2022,1,21,09:45:00,39.150000000001455,False
1057,123084,2022-01-21 09:50:00+05:30,17673.1,17677.9,17644.25,17661.9,0,2022-01-21,2022,1,21,09:50:00,11.19999999999709,False
1058,123085,2022-01-21 09:55:00+05:30,17668.7,17679.25,17652.6,17674.5,0,2022-01-21,2022,1,21,09:55:00,-5.799999999999272,False
1059,123086,2022-01-21 10:00:00+05:30,17637.05,17674.15,17630.95,17668.45,0,2022-01-21,2022,1,21,10:00:00,-31.400000000001455,False
1060,123087,2022-01-21 10:05:00+05:30,17652.55,17657.0,17628.25,17636.8,0,2022-01-21,2022,1,21,10:05:00,15.75,False
1061,123088,2022-01-21 10:10:00+05:30,17631.2,17661.2,17627.35,17653.45,0,2022-01-21,2022,1,21,10:10:00,-22.25,False
1062,123089,2022-01-21 10:15:00+05:30,17604.5,17639.15,17603.8,17630.3,0,2022-01-21,2022,1,21,10:15:00,-25.799999999999272,False
1130,123157,2022-01-24 09:40:00+05:30,17470.35,17472.0,17416.25,17421.15,0,2022-01-24,2022,1,24,09:40:00,49.19999999999709,True
1131,123158,2022-01-24 09:45:00+05:30,17498.1,17507.55,17460.4,17470.1,0,2022-01-24,2022,1,24,09:45:00,28.0,False
1132,123159,2022-01-24 09:50:00+05:30,17470.55,17515.9,17470.55,17496.65,0,2022-01-24,2022,1,24,09:50:00,-26.100000000002183,False
1133,123160,2022-01-24 09:55:00+05:30,17450.3,17470.85,17439.95,17470.45,0,2022-01-24,2022,1,24,09:55:00,-20.150000000001455,False
1134,123161,2022-01-24 10:00:00+05:30,17435.75,17460.15,17428.6,17448.55,0,2022-01-24,2022,1,24,10:00:00,-12.799999999999272,False
1135,123162,2022-01-24 10:05:00+05:30,17460.5,17461.6,17431.35,17436.25,0,2022-01-24,2022,1,24,10:05:00,24.25,False
1136,123163,2022-01-24 10:10:00+05:30,17427.9,17462.1,17427.9,17460.85,0,2022-01-24,2022,1,24,10:10:00,-32.94999999999709,False
1137,123164,2022-01-24 10:15:00+05:30,17406.4,17431.65,17394.5,17427.15,0,2022-01-24,2022,1,24,10:15:00,-20.75,False
1138,123165,2022-01-24 10:20:00+05:30,17403.25,17429.85,17397.8,17406.75,0,2022-01-24,2022,1,24,10:20:00,-3.5,False
1139,123166,2022-01-24 10:25:00+05:30,17389.45,17410.9,17386.7,17401.25,0,2022-01-24,2022,1,24,10:25:00,-11.799999999999272,False
1185,123212,2022-01-24 14:15:00+05:30,17115.6,17131.1,17003.5,17003.5,0,2022-01-24,2022,1,24,14:15:00,112.09999999999854,True
1186,123213,2022-01-24 14:20:00+05:30,17153.55,17153.55,17096.3,17114.6,0,2022-01-24,2022,1,24,14:20:00,38.95000000000073,False
1187,123214,2022-01-24 14:25:00+05:30,17081.15,17158.0,17072.5,17152.8,0,2022-01-24,2022,1,24,14:25:00,-71.64999999999782,False
1188,123215,2022-01-24 14:30:00+05:30,17128.85,17129.55,17070.0,17078.3,0,2022-01-24,2022,1,24,14:30:00,50.54999999999927,True
1189,123216,2022-01-24 14:35:00+05:30,17096.4,17138.3,17094.45,17129.05,0,2022-01-24,2022,1,24,14:35:00,-32.64999999999782,False
1190,123217,2022-01-24 14:40:00+05:30,17054.35,17100.65,17045.3,17093.3,0,2022-01-24,2022,1,24,14:40:00,-38.95000000000073,False
1191,123218,2022-01-24 14:45:00+05:30,17030.5,17063.05,17027.3,17057.55,0,2022-01-24,2022,1,24,14:45:00,-27.049999999999272,False
1192,123219,2022-01-24 14:50:00+05:30,17044.65,17046.85,17015.4,17031.6,0,2022-01-24,2022,1,24,14:50:00,13.05000000000291,False
1193,123220,2022-01-24 14:55:00+05:30,17097.95,17098.9,17021.2,17045.2,0,2022-01-24,2022,1,24,14:55:00,52.75,True
1194,123221,2022-01-24 15:00:00+05:30,17138.1,17155.05,17092.75,17094.15,0,2022-01-24,2022,1,24,15:00:00,43.94999999999709,True
1201,123228,2022-01-25 09:20:00+05:30,16948.1,16967.9,16840.75,16858.7,0,2022-01-25,2022,1,25,09:20:00,89.39999999999782,True
1202,123229,2022-01-25 09:25:00+05:30,16978.7,17006.55,16946.4,16946.4,0,2022-01-25,2022,1,25,09:25:00,32.29999999999927,False
1203,123230,2022-01-25 09:30:00+05:30,16978.75,17006.85,16957.1,16978.95,0,2022-01-25,2022,1,25,09:30:00,-0.2000000000007276,False
1204,123231,2022-01-25 09:35:00+05:30,17079.55,17079.55,16968.3,16977.55,0,2022-01-25,2022,1,25,09:35:00,102.0,True
1205,123232,2022-01-25 09:40:00+05:30,17113.0,17113.0,17065.4,17080.0,0,2022-01-25,2022,1,25,09:40:00,33.0,False
1206,123233,2022-01-25 09:45:00+05:30,17104.4,17141.4,17078.95,17114.25,0,2022-01-25,2022,1,25,09:45:00,-9.849999999998545,False
1207,123234,2022-01-25 09:50:00+05:30,17120.05,17136.4,17105.65,17105.95,0,2022-01-25,2022,1,25,09:50:00,14.099999999998545,False
1208,123235,2022-01-25 09:55:00+05:30,17170.75,17174.05,17120.8,17120.8,0,2022-01-25,2022,1,25,09:55:00,49.95000000000073,True
1209,123236,2022-01-25 10:00:00+05:30,17129.3,17200.55,17117.2,17173.45,0,2022-01-25,2022,1,25,10:00:00,-44.150000000001455,False
1210,123237,2022-01-25 10:05:00+05:30,17102.05,17158.8,17095.85,17128.1,0,2022-01-25,2022,1,25,10:05:00,-26.049999999999272,False
1254,123281,2022-01-25 13:45:00+05:30,17187.1,17187.6,17134.4,17143.7,0,2022-01-25,2022,1,25,13:45:00,43.39999999999782,True
1255,123282,2022-01-25 13:50:00+05:30,17215.9,17220.15,17188.2,17188.2,0,2022-01-25,2022,1,25,13:50:00,27.700000000000728,False
1256,123283,2022-01-25 13:55:00+05:30,17215.75,17228.8,17204.15,17215.1,0,2022-01-25,2022,1,25,13:55:00,0.6500000000014552,False
1257,123284,2022-01-25 14:00:00+05:30,17227.65,17231.3,17202.0,17216.0,0,2022-01-25,2022,1,25,14:00:00,11.650000000001455,False
1258,123285,2022-01-25 14:05:00+05:30,17209.0,17233.35,17208.05,17228.3,0,2022-01-25,2022,1,25,14:05:00,-19.299999999999272,False
1259,123286,2022-01-25 14:10:00+05:30,17206.0,17222.75,17204.35,17206.95,0,2022-01-25,2022,1,25,14:10:00,-0.9500000000007276,False
1260,123287,2022-01-25 14:15:00+05:30,17207.5,17210.3,17180.15,17205.35,0,2022-01-25,2022,1,25,14:15:00,2.150000000001455,False
1261,123288,2022-01-25 14:20:00+05:30,17220.8,17229.1,17206.3,17206.3,0,2022-01-25,2022,1,25,14:20:00,14.5,False
1262,123289,2022-01-25 14:25:00+05:30,17206.0,17223.1,17203.6,17220.5,0,2022-01-25,2022,1,25,14:25:00,-14.5,False
1263,123290,2022-01-25 14:30:00+05:30,17223.25,17225.75,17205.95,17205.95,0,2022-01-25,2022,1,25,14:30:00,17.299999999999272,False
1276,123303,2022-01-27 09:20:00+05:30,17058.75,17061.65,16975.0,16985.35,0,2022-01-27,2022,1,27,09:20:00,73.40000000000146,True
1277,123304,2022-01-27 09:25:00+05:30,17016.9,17059.25,16995.9,17059.25,0,2022-01-27,2022,1,27,09:25:00,-42.349999999998545,False
1278,123305,2022-01-27 09:30:00+05:30,16962.15,17017.85,16959.8,17015.6,0,2022-01-27,2022,1,27,09:30:00,-53.44999999999709,False
1279,123306,2022-01-27 09:35:00+05:30,16940.45,16967.15,16935.05,16965.05,0,2022-01-27,2022,1,27,09:35:00,-24.599999999998545,False
1280,123307,2022-01-27 09:40:00+05:30,16960.05,16966.1,16929.15,16940.1,0,2022-01-27,2022,1,27,09:40:00,19.950000000000728,False
1281,123308,2022-01-27 09:45:00+05:30,16977.15,16980.65,16937.4,16962.65,0,2022-01-27,2022,1,27,09:45:00,14.5,False
1282,123309,2022-01-27 09:50:00+05:30,17016.0,17025.85,16970.45,16977.15,0,2022-01-27,2022,1,27,09:50:00,38.849999999998545,False
1283,123310,2022-01-27 09:55:00+05:30,17036.6,17046.5,17007.25,17016.6,0,2022-01-27,2022,1,27,09:55:00,20.0,False
1284,123311,2022-01-27 10:00:00+05:30,17028.85,17036.6,17014.85,17036.6,0,2022-01-27,2022,1,27,10:00:00,-7.75,False
1285,123312,2022-01-27 10:05:00+05:30,17014.45,17030.65,17001.55,17030.0,0,2022-01-27,2022,1,27,10:05:00,-15.549999999999272,False
1320,123347,2022-01-27 13:00:00+05:30,16963.0,16969.9,16922.55,16922.85,0,2022-01-27,2022,1,27,13:00:00,40.150000000001455,True
1321,123348,2022-01-27 13:05:00+05:30,16971.6,16975.75,16958.8,16962.9,0,2022-01-27,2022,1,27,13:05:00,8.69999999999709,False
1322,123349,2022-01-27 13:10:00+05:30,17008.1,17012.65,16970.8,16971.3,0,2022-01-27,2022,1,27,13:10:00,36.79999999999927,False
1323,123350,2022-01-27 13:15:00+05:30,17004.35,17029.5,16987.95,17007.45,0,2022-01-27,2022,1,27,13:15:00,-3.100000000002183,False
1324,123351,2022-01-27 13:20:00+05:30,17013.3,17015.15,16989.4,17003.55,0,2022-01-27,2022,1,27,13:20:00,9.75,False
1325,123352,2022-01-27 13:25:00+05:30,16997.25,17016.95,16991.55,17013.1,0,2022-01-27,2022,1,27,13:25:00,-15.849999999998545,False
1326,123353,2022-01-27 13:30:00+05:30,17014.45,17014.9,16992.5,16998.45,0,2022-01-27,2022,1,27,13:30:00,16.0,False
1327,123354,2022-01-27 13:35:00+05:30,17032.3,17035.4,17005.45,17015.7,0,2022-01-27,2022,1,27,13:35:00,16.599999999998545,False
1328,123355,2022-01-27 13:40:00+05:30,17044.9,17044.9,17015.5,17032.35,0,2022-01-27,2022,1,27,13:40:00,12.55000000000291,False
1329,123356,2022-01-27 13:45:00+05:30,17056.0,17058.95,17042.15,17044.4,0,2022-01-27,2022,1,27,13:45:00,11.599999999998545,False
1350,123377,2022-01-28 09:15:00+05:30,17284.15,17291.3,17208.3,17208.3,0,2022-01-28,2022,1,28,09:15:00,75.85000000000218,True
1351,123378,2022-01-28 09:20:00+05:30,17239.35,17299.5,17213.1,17284.15,0,2022-01-28,2022,1,28,09:20:00,-44.80000000000291,False
1352,123379,2022-01-28 09:25:00+05:30,17269.15,17269.55,17230.5,17240.2,0,2022-01-28,2022,1,28,09:25:00,28.950000000000728,False
1353,123380,2022-01-28 09:30:00+05:30,17312.2,17321.45,17267.6,17269.15,0,2022-01-28,2022,1,28,09:30:00,43.04999999999927,True
1354,123381,2022-01-28 09:35:00+05:30,17331.55,17335.15,17285.75,17308.35,0,2022-01-28,2022,1,28,09:35:00,23.200000000000728,False
1355,123382,2022-01-28 09:40:00+05:30,17338.6,17348.45,17326.9,17330.9,0,2022-01-28,2022,1,28,09:40:00,7.69999999999709,False
1356,123383,2022-01-28 09:45:00+05:30,17319.7,17352.0,17314.95,17338.95,0,2022-01-28,2022,1,28,09:45:00,-19.25,False
1357,123384,2022-01-28 09:50:00+05:30,17348.25,17359.05,17318.95,17318.95,0,2022-01-28,2022,1,28,09:50:00,29.299999999999272,False
1358,123385,2022-01-28 09:55:00+05:30,17344.5,17357.65,17338.2,17349.05,0,2022-01-28,2022,1,28,09:55:00,-4.549999999999272,False
1359,123386,2022-01-28 10:00:00+05:30,17344.3,17351.2,17330.15,17344.45,0,2022-01-28,2022,1,28,10:00:00,-0.1500000000014552,False
1540,123567,2022-02-01 12:35:00+05:30,17585.4,17585.4,17520.75,17521.8,0,2022-02-01,2022,2,1,12:35:00,63.60000000000218,True
1541,123568,2022-02-01 12:40:00+05:30,17585.7,17597.35,17569.85,17584.5,0,2022-02-01,2022,2,1,12:40:00,1.2000000000007276,False
1542,123569,2022-02-01 12:45:00+05:30,17557.7,17587.0,17542.65,17584.8,0,2022-02-01,2022,2,1,12:45:00,-27.099999999998545,False
1543,123570,2022-02-01 12:50:00+05:30,17570.4,17587.65,17558.35,17558.35,0,2022-02-01,2022,2,1,12:50:00,12.05000000000291,False
1544,123571,2022-02-01 12:55:00+05:30,17536.45,17591.1,17535.25,17569.35,0,2022-02-01,2022,2,1,12:55:00,-32.89999999999782,False
1545,123572,2022-02-01 13:00:00+05:30,17435.5,17535.7,17393.4,17535.7,0,2022-02-01,2022,2,1,13:00:00,-100.20000000000073,False
1546,123573,2022-02-01 13:05:00+05:30,17429.4,17448.9,17404.15,17434.9,0,2022-02-01,2022,2,1,13:05:00,-5.5,False
1547,123574,2022-02-01 13:10:00+05:30,17278.0,17444.4,17268.9,17429.05,0,2022-02-01,2022,2,1,13:10:00,-151.04999999999927,False
1548,123575,2022-02-01 13:15:00+05:30,17393.8,17403.7,17245.45,17277.6,0,2022-02-01,2022,2,1,13:15:00,116.20000000000073,True
1549,123576,2022-02-01 13:20:00+05:30,17373.65,17396.1,17362.0,17394.9,0,2022-02-01,2022,2,1,13:20:00,-21.25,False
1550,123577,2022-02-01 13:25:00+05:30,17441.3,17459.9,17372.5,17374.65,0,2022-02-01,2022,2,1,13:25:00,66.64999999999782,True
1551,123578,2022-02-01 13:30:00+05:30,17480.35,17481.7,17430.15,17440.6,0,2022-02-01,2022,2,1,13:30:00,39.75,False
1552,123579,2022-02-01 13:35:00+05:30,17452.05,17481.6,17452.0,17478.25,0,2022-02-01,2022,2,1,13:35:00,-26.200000000000728,False
1553,123580,2022-02-01 13:40:00+05:30,17468.05,17473.0,17445.6,17451.5,0,2022-02-01,2022,2,1,13:40:00,16.549999999999272,False
1554,123581,2022-02-01 13:45:00+05:30,17511.75,17527.55,17466.4,17468.35,0,2022-02-01,2022,2,1,13:45:00,43.400000000001455,True
1555,123582,2022-02-01 13:50:00+05:30,17505.3,17525.3,17500.2,17511.7,0,2022-02-01,2022,2,1,13:50:00,-6.400000000001455,False
1556,123583,2022-02-01 13:55:00+05:30,17500.35,17528.5,17473.75,17505.55,0,2022-02-01,2022,2,1,13:55:00,-5.200000000000728,False
1557,123584,2022-02-01 14:00:00+05:30,17515.35,17522.3,17496.2,17500.35,0,2022-02-01,2022,2,1,14:00:00,15.0,False
1558,123585,2022-02-01 14:05:00+05:30,17523.85,17533.5,17497.65,17514.25,0,2022-02-01,2022,2,1,14:05:00,9.599999999998545,False
1559,123586,2022-02-01 14:10:00+05:30,17542.0,17555.5,17520.1,17524.25,0,2022-02-01,2022,2,1,14:10:00,17.75,False
1726,123753,2022-02-04 09:20:00+05:30,17551.15,17551.15,17480.9,17501.75,0,2022-02-04,2022,2,4,09:20:00,49.400000000001455,True
1727,123754,2022-02-04 09:25:00+05:30,17575.05,17592.75,17551.1,17551.1,0,2022-02-04,2022,2,4,09:25:00,23.950000000000728,False
1728,123755,2022-02-04 09:30:00+05:30,17568.4,17595.25,17566.4,17575.55,0,2022-02-04,2022,2,4,09:30:00,-7.149999999997817,False
1729,123756,2022-02-04 09:35:00+05:30,17575.6,17577.6,17544.65,17567.35,0,2022-02-04,2022,2,4,09:35:00,8.25,False
1730,123757,2022-02-04 09:40:00+05:30,17579.0,17586.3,17564.9,17575.05,0,2022-02-04,2022,2,4,09:40:00,3.9500000000007276,False
1731,123758,2022-02-04 09:45:00+05:30,17600.65,17603.55,17564.35,17578.65,0,2022-02-04,2022,2,4,09:45:00,22.0,False
1732,123759,2022-02-04 09:50:00+05:30,17616.45,17617.3,17592.0,17602.75,0,2022-02-04,2022,2,4,09:50:00,13.700000000000728,False
1733,123760,2022-02-04 09:55:00+05:30,17581.25,17616.55,17577.9,17616.5,0,2022-02-04,2022,2,4,09:55:00,-35.25,False
1734,123761,2022-02-04 10:00:00+05:30,17570.9,17585.85,17565.55,17581.3,0,2022-02-04,2022,2,4,10:00:00,-10.399999999997817,False
1735,123762,2022-02-04 10:05:00+05:30,17553.65,17571.65,17542.85,17571.65,0,2022-02-04,2022,2,4,10:05:00,-18.0,False
1800,123827,2022-02-07 09:15:00+05:30,17528.05,17535.95,17437.0,17456.3,0,2022-02-07,2022,2,7,09:15:00,71.75,True
1801,123828,2022-02-07 09:20:00+05:30,17493.8,17529.05,17476.55,17528.1,0,2022-02-07,2022,2,7,09:20:00,-34.29999999999927,False
1802,123829,2022-02-07 09:25:00+05:30,17466.1,17494.7,17418.75,17493.9,0,2022-02-07,2022,2,7,09:25:00,-27.80000000000291,False
1803,123830,2022-02-07 09:30:00+05:30,17466.25,17472.75,17444.6,17460.55,0,2022-02-07,2022,2,7,09:30:00,5.700000000000728,False
1804,123831,2022-02-07 09:35:00+05:30,17434.2,17485.25,17434.2,17464.45,0,2022-02-07,2022,2,7,09:35:00,-30.25,False
1805,123832,2022-02-07 09:40:00+05:30,17447.4,17458.1,17428.4,17434.35,0,2022-02-07,2022,2,7,09:40:00,13.05000000000291,False
1806,123833,2022-02-07 09:45:00+05:30,17455.7,17464.7,17439.15,17448.0,0,2022-02-07,2022,2,7,09:45:00,7.700000000000728,False
1807,123834,2022-02-07 09:50:00+05:30,17459.0,17468.15,17440.4,17455.95,0,2022-02-07,2022,2,7,09:50:00,3.0499999999992724,False
1808,123835,2022-02-07 09:55:00+05:30,17408.65,17459.25,17408.65,17458.0,0,2022-02-07,2022,2,7,09:55:00,-49.349999999998545,False
1809,123836,2022-02-07 10:00:00+05:30,17409.7,17416.65,17390.15,17410.1,0,2022-02-07,2022,2,7,10:00:00,-0.3999999999978172,False
1857,123884,2022-02-07 14:00:00+05:30,17172.3,17173.65,17127.35,17127.35,0,2022-02-07,2022,2,7,14:00:00,44.95000000000073,True
1858,123885,2022-02-07 14:05:00+05:30,17188.5,17198.25,17164.3,17172.25,0,2022-02-07,2022,2,7,14:05:00,16.25,False
1859,123886,2022-02-07 14:10:00+05:30,17178.7,17192.65,17165.45,17188.4,0,2022-02-07,2022,2,7,14:10:00,-9.700000000000728,False
1860,123887,2022-02-07 14:15:00+05:30,17180.75,17195.55,17174.35,17179.0,0,2022-02-07,2022,2,7,14:15:00,1.75,False
1861,123888,2022-02-07 14:20:00+05:30,17191.5,17191.55,17167.3,17180.25,0,2022-02-07,2022,2,7,14:20:00,11.25,False
1862,123889,2022-02-07 14:25:00+05:30,17209.6,17215.25,17190.2,17191.5,0,2022-02-07,2022,2,7,14:25:00,18.099999999998545,False
1863,123890,2022-02-07 14:30:00+05:30,17205.55,17214.8,17191.1,17209.85,0,2022-02-07,2022,2,7,14:30:00,-4.299999999999272,False
1864,123891,2022-02-07 14:35:00+05:30,17188.2,17209.3,17187.1,17205.6,0,2022-02-07,2022,2,7,14:35:00,-17.399999999997817,False
1865,123892,2022-02-07 14:40:00+05:30,17157.8,17196.3,17157.1,17188.85,0,2022-02-07,2022,2,7,14:40:00,-31.049999999999272,False
1866,123893,2022-02-07 14:45:00+05:30,17158.0,17171.35,17156.65,17157.15,0,2022-02-07,2022,2,7,14:45:00,0.8499999999985448,False
1956,123983,2022-02-09 09:45:00+05:30,17434.65,17438.4,17392.75,17392.95,0,2022-02-09,2022,2,9,09:45:00,41.70000000000073,True
1957,123984,2022-02-09 09:50:00+05:30,17430.3,17437.75,17424.2,17435.4,0,2022-02-09,2022,2,9,09:50:00,-5.100000000002183,False
1958,123985,2022-02-09 09:55:00+05:30,17414.4,17429.6,17412.35,17428.8,0,2022-02-09,2022,2,9,09:55:00,-14.399999999997817,False
1959,123986,2022-02-09 10:00:00+05:30,17398.35,17419.6,17396.35,17413.7,0,2022-02-09,2022,2,9,10:00:00,-15.350000000002183,False
1960,123987,2022-02-09 10:05:00+05:30,17426.2,17426.2,17385.2,17398.5,0,2022-02-09,2022,2,9,10:05:00,27.700000000000728,False
1961,123988,2022-02-09 10:10:00+05:30,17417.3,17425.65,17405.45,17425.35,0,2022-02-09,2022,2,9,10:10:00,-8.049999999999272,False
1962,123989,2022-02-09 10:15:00+05:30,17411.15,17422.4,17407.15,17417.9,0,2022-02-09,2022,2,9,10:15:00,-6.75,False
1963,123990,2022-02-09 10:20:00+05:30,17410.8,17413.65,17400.1,17412.35,0,2022-02-09,2022,2,9,10:20:00,-1.5499999999992724,False
1964,123991,2022-02-09 10:25:00+05:30,17392.65,17410.6,17386.8,17410.6,0,2022-02-09,2022,2,9,10:25:00,-17.94999999999709,False
1965,123992,2022-02-09 10:30:00+05:30,17375.25,17395.05,17374.25,17391.85,0,2022-02-09,2022,2,9,10:30:00,-16.599999999998545,False
2035,124062,2022-02-10 10:05:00+05:30,17512.4,17513.55,17450.65,17452.65,0,2022-02-10,2022,2,10,10:05:00,59.75,True
2036,124063,2022-02-10 10:10:00+05:30,17510.95,17515.95,17498.5,17512.3,0,2022-02-10,2022,2,10,10:10:00,-1.3499999999985448,False
2037,124064,2022-02-10 10:15:00+05:30,17505.2,17530.4,17502.25,17510.85,0,2022-02-10,2022,2,10,10:15:00,-5.649999999997817,False
2038,124065,2022-02-10 10:20:00+05:30,17522.2,17524.85,17482.9,17505.65,0,2022-02-10,2022,2,10,10:20:00,16.549999999999272,False
2039,124066,2022-02-10 10:25:00+05:30,17543.85,17544.15,17522.2,17522.3,0,2022-02-10,2022,2,10,10:25:00,21.549999999999272,False
2040,124067,2022-02-10 10:30:00+05:30,17559.1,17567.75,17542.45,17544.1,0,2022-02-10,2022,2,10,10:30:00,15.0,False
2041,124068,2022-02-10 10:35:00+05:30,17571.55,17575.15,17552.9,17558.95,0,2022-02-10,2022,2,10,10:35:00,12.599999999998545,False
2042,124069,2022-02-10 10:40:00+05:30,17584.55,17588.45,17567.55,17571.5,0,2022-02-10,2022,2,10,10:40:00,13.049999999999272,False
2043,124070,2022-02-10 10:45:00+05:30,17571.55,17592.45,17560.2,17584.55,0,2022-02-10,2022,2,10,10:45:00,-13.0,False
2044,124071,2022-02-10 10:50:00+05:30,17573.1,17574.7,17566.05,17571.35,0,2022-02-10,2022,2,10,10:50:00,1.75,False
2176,124203,2022-02-14 09:20:00+05:30,17014.6,17022.75,16918.9,16946.65,0,2022-02-14,2022,2,14,09:20:00,67.94999999999709,True
2177,124204,2022-02-14 09:25:00+05:30,16990.75,17020.2,16990.1,17017.35,0,2022-02-14,2022,2,14,09:25:00,-26.599999999998545,False
2178,124205,2022-02-14 09:30:00+05:30,16957.25,16993.65,16949.15,16991.2,0,2022-02-14,2022,2,14,09:30:00,-33.95000000000073,False
2179,124206,2022-02-14 09:35:00+05:30,16960.35,16999.1,16957.9,16958.85,0,2022-02-14,2022,2,14,09:35:00,1.5,False
2180,124207,2022-02-14 09:40:00+05:30,16975.35,16987.0,16955.8,16958.4,0,2022-02-14,2022,2,14,09:40:00,16.94999999999709,False
2181,124208,2022-02-14 09:45:00+05:30,16997.5,17000.6,16948.85,16975.95,0,2022-02-14,2022,2,14,09:45:00,21.549999999999272,False
2182,124209,2022-02-14 09:50:00+05:30,17001.2,17014.6,16984.25,16998.5,0,2022-02-14,2022,2,14,09:50:00,2.7000000000007276,False
2183,124210,2022-02-14 09:55:00+05:30,17030.15,17036.9,16999.6,17002.1,0,2022-02-14,2022,2,14,09:55:00,28.05000000000291,False
2184,124211,2022-02-14 10:00:00+05:30,17051.65,17053.65,17030.6,17030.6,0,2022-02-14,2022,2,14,10:00:00,21.05000000000291,False
2185,124212,2022-02-14 10:05:00+05:30,17018.35,17059.65,17014.4,17052.1,0,2022-02-14,2022,2,14,10:05:00,-33.75,False
2250,124277,2022-02-15 09:15:00+05:30,16982.4,16987.9,16902.5,16933.25,0,2022-02-15,2022,2,15,09:15:00,49.150000000001455,True
2251,124278,2022-02-15 09:20:00+05:30,16956.95,16998.15,16956.55,16982.4,0,2022-02-15,2022,2,15,09:20:00,-25.450000000000728,False
2252,124279,2022-02-15 09:25:00+05:30,16941.0,16958.9,16904.7,16958.25,0,2022-02-15,2022,2,15,09:25:00,-17.25,False
2253,124280,2022-02-15 09:30:00+05:30,16947.75,16974.55,16940.15,16942.5,0,2022-02-15,2022,2,15,09:30:00,5.25,False
2254,124281,2022-02-15 09:35:00+05:30,16924.7,16959.65,16920.55,16948.75,0,2022-02-15,2022,2,15,09:35:00,-24.049999999999272,False
2255,124282,2022-02-15 09:40:00+05:30,16883.75,16939.85,16876.4,16925.0,0,2022-02-15,2022,2,15,09:40:00,-41.25,False
2256,124283,2022-02-15 09:45:00+05:30,16881.9,16899.9,16869.7,16881.0,0,2022-02-15,2022,2,15,09:45:00,0.9000000000014552,False
2257,124284,2022-02-15 09:50:00+05:30,16916.45,16923.8,16880.35,16881.2,0,2022-02-15,2022,2,15,09:50:00,35.25,False
2258,124285,2022-02-15 09:55:00+05:30,16879.1,16916.35,16875.75,16916.1,0,2022-02-15,2022,2,15,09:55:00,-37.0,False
2259,124286,2022-02-15 10:00:00+05:30,16861.15,16879.45,16848.75,16879.45,0,2022-02-15,2022,2,15,10:00:00,-18.299999999999272,False
2327,124354,2022-02-16 09:25:00+05:30,17392.3,17401.9,17320.95,17328.15,0,2022-02-16,2022,2,16,09:25:00,64.14999999999782,True
2328,124355,2022-02-16 09:30:00+05:30,17391.45,17430.2,17389.25,17391.15,0,2022-02-16,2022,2,16,09:30:00,0.2999999999992724,False
2329,124356,2022-02-16 09:35:00+05:30,17379.3,17408.9,17352.6,17391.3,0,2022-02-16,2022,2,16,09:35:00,-12.0,False
2330,124357,2022-02-16 09:40:00+05:30,17360.7,17386.65,17359.6,17375.4,0,2022-02-16,2022,2,16,09:40:00,-14.700000000000728,False
2331,124358,2022-02-16 09:45:00+05:30,17368.3,17383.55,17356.75,17360.4,0,2022-02-16,2022,2,16,09:45:00,7.899999999997817,False
2332,124359,2022-02-16 09:50:00+05:30,17321.25,17382.7,17320.7,17368.3,0,2022-02-16,2022,2,16,09:50:00,-47.04999999999927,False
2333,124360,2022-02-16 09:55:00+05:30,17340.5,17347.65,17315.75,17319.95,0,2022-02-16,2022,2,16,09:55:00,20.549999999999272,False
2334,124361,2022-02-16 10:00:00+05:30,17357.35,17377.85,17333.2,17340.4,0,2022-02-16,2022,2,16,10:00:00,16.94999999999709,False
2335,124362,2022-02-16 10:05:00+05:30,17335.45,17360.8,17330.8,17357.3,0,2022-02-16,2022,2,16,10:05:00,-21.849999999998545,False
2336,124363,2022-02-16 10:10:00+05:30,17333.6,17345.25,17329.25,17336.25,0,2022-02-16,2022,2,16,10:10:00,-2.650000000001455,False
2625,124652,2022-02-22 09:15:00+05:30,16917.25,16973.3,16847.95,16847.95,0,2022-02-22,2022,2,22,09:15:00,69.29999999999927,True
2626,124653,2022-02-22 09:20:00+05:30,16921.65,16948.4,16899.7,16917.35,0,2022-02-22,2022,2,22,09:20:00,4.30000000000291,False
2627,124654,2022-02-22 09:25:00+05:30,16918.45,16935.8,16908.85,16919.65,0,2022-02-22,2022,2,22,09:25:00,-1.2000000000007276,False
2628,124655,2022-02-22 09:30:00+05:30,16929.45,16957.0,16906.0,16918.2,0,2022-02-22,2022,2,22,09:30:00,11.25,False
2629,124656,2022-02-22 09:35:00+05:30,16877.1,16931.1,16873.65,16929.25,0,2022-02-22,2022,2,22,09:35:00,-52.150000000001455,False
2630,124657,2022-02-22 09:40:00+05:30,16874.5,16885.2,16862.05,16873.75,0,2022-02-22,2022,2,22,09:40:00,0.75,False
2631,124658,2022-02-22 09:45:00+05:30,16884.35,16895.3,16860.85,16872.75,0,2022-02-22,2022,2,22,09:45:00,11.599999999998545,False
2632,124659,2022-02-22 09:50:00+05:30,16899.7,16915.35,16884.3,16884.3,0,2022-02-22,2022,2,22,09:50:00,15.400000000001455,False
2633,124660,2022-02-22 09:55:00+05:30,16934.7,16936.85,16891.8,16898.85,0,2022-02-22,2022,2,22,09:55:00,35.85000000000218,False
2634,124661,2022-02-22 10:00:00+05:30,16955.3,16955.35,16931.45,16933.85,0,2022-02-22,2022,2,22,10:00:00,21.450000000000728,False
2681,124708,2022-02-22 13:55:00+05:30,16991.6,16998.9,16938.1,16941.8,0,2022-02-22,2022,2,22,13:55:00,49.79999999999927,True
2682,124709,2022-02-22 14:00:00+05:30,17023.6,17045.4,16989.1,16989.1,0,2022-02-22,2022,2,22,14:00:00,34.5,False
2683,124710,2022-02-22 14:05:00+05:30,17043.8,17044.6,17021.6,17023.2,0,2022-02-22,2022,2,22,14:05:00,20.599999999998545,False
2684,124711,2022-02-22 14:10:00+05:30,17077.55,17078.95,17042.7,17043.7,0,2022-02-22,2022,2,22,14:10:00,33.849999999998545,False
2685,124712,2022-02-22 14:15:00+05:30,17062.35,17101.15,17062.0,17077.85,0,2022-02-22,2022,2,22,14:15:00,-15.5,False
2686,124713,2022-02-22 14:20:00+05:30,17119.4,17123.35,17045.9,17061.95,0,2022-02-22,2022,2,22,14:20:00,57.45000000000073,True
2687,124714,2022-02-22 14:25:00+05:30,17112.65,17128.35,17105.05,17119.55,0,2022-02-22,2022,2,22,14:25:00,-6.899999999997817,False
2688,124715,2022-02-22 14:30:00+05:30,17128.85,17140.95,17111.1,17111.1,0,2022-02-22,2022,2,22,14:30:00,17.75,False
2689,124716,2022-02-22 14:35:00+05:30,17131.7,17148.5,17103.85,17127.75,0,2022-02-22,2022,2,22,14:35:00,3.9500000000007276,False
2690,124717,2022-02-22 14:40:00+05:30,17112.55,17133.0,17092.7,17131.4,0,2022-02-22,2022,2,22,14:40:00,-18.850000000002183,False
2775,124802,2022-02-24 09:15:00+05:30,16674.75,16702.3,16548.9,16548.9,0,2022-02-24,2022,2,24,09:15:00,125.84999999999854,True
2776,124803,2022-02-24 09:20:00+05:30,16648.65,16701.05,16639.0,16674.0,0,2022-02-24,2022,2,24,09:20:00,-25.349999999998545,False
2777,124804,2022-02-24 09:25:00+05:30,16642.7,16675.95,16631.2,16647.0,0,2022-02-24,2022,2,24,09:25:00,-4.299999999999272,False
2778,124805,2022-02-24 09:30:00+05:30,16656.5,16672.8,16635.65,16641.3,0,2022-02-24,2022,2,24,09:30:00,15.200000000000728,False
2779,124806,2022-02-24 09:35:00+05:30,16608.05,16656.2,16605.7,16656.2,0,2022-02-24,2022,2,24,09:35:00,-48.150000000001455,False
2780,124807,2022-02-24 09:40:00+05:30,16550.3,16609.1,16550.3,16609.1,0,2022-02-24,2022,2,24,09:40:00,-58.79999999999927,False
2781,124808,2022-02-24 09:45:00+05:30,16480.6,16548.6,16455.15,16548.6,0,2022-02-24,2022,2,24,09:45:00,-68.0,False
2782,124809,2022-02-24 09:50:00+05:30,16495.85,16517.05,16472.35,16477.65,0,2022-02-24,2022,2,24,09:50:00,18.19999999999709,False
2783,124810,2022-02-24 09:55:00+05:30,16519.8,16525.65,16492.15,16495.2,0,2022-02-24,2022,2,24,09:55:00,24.599999999998545,False
2784,124811,2022-02-24 10:00:00+05:30,16546.0,16548.2,16496.85,16518.4,0,2022-02-24,2022,2,24,10:00:00,27.599999999998545,False
2820,124847,2022-02-24 13:00:00+05:30,16514.6,16520.9,16465.0,16466.05,0,2022-02-24,2022,2,24,13:00:00,48.54999999999927,True
2821,124848,2022-02-24 13:05:00+05:30,16515.3,16527.0,16497.4,16516.55,0,2022-02-24,2022,2,24,13:05:00,-1.25,False
2822,124849,2022-02-24 13:10:00+05:30,16535.0,16535.0,16500.6,16515.85,0,2022-02-24,2022,2,24,13:10:00,19.150000000001455,False
2823,124850,2022-02-24 13:15:00+05:30,16488.6,16537.5,16482.05,16534.0,0,2022-02-24,2022,2,24,13:15:00,-45.400000000001455,False
2824,124851,2022-02-24 13:20:00+05:30,16466.45,16488.65,16465.65,16488.25,0,2022-02-24,2022,2,24,13:20:00,-21.799999999999272,False
2825,124852,2022-02-24 13:25:00+05:30,16450.65,16470.2,16446.3,16467.05,0,2022-02-24,2022,2,24,13:25:00,-16.399999999997817,False
2826,124853,2022-02-24 13:30:00+05:30,16425.1,16458.15,16425.1,16449.05,0,2022-02-24,2022,2,24,13:30:00,-23.950000000000728,False
2827,124854,2022-02-24 13:35:00+05:30,16451.0,16472.15,16426.1,16426.7,0,2022-02-24,2022,2,24,13:35:00,24.299999999999272,False
2828,124855,2022-02-24 13:40:00+05:30,16418.85,16462.95,16418.85,16454.5,0,2022-02-24,2022,2,24,13:40:00,-35.650000000001455,False
2829,124856,2022-02-24 13:45:00+05:30,16476.15,16491.65,16414.45,16420.65,0,2022-02-24,2022,2,24,13:45:00,55.5,True
2850,124877,2022-02-25 09:15:00+05:30,16562.3,16566.85,16488.95,16515.65,0,2022-02-25,2022,2,25,09:15:00,46.64999999999782,True
2851,124878,2022-02-25 09:20:00+05:30,16587.9,16596.85,16555.45,16563.7,0,2022-02-25,2022,2,25,09:20:00,24.200000000000728,False
2852,124879,2022-02-25 09:25:00+05:30,16585.35,16606.0,16572.35,16591.15,0,2022-02-25,2022,2,25,09:25:00,-5.80000000000291,False
2853,124880,2022-02-25 09:30:00+05:30,16610.3,16610.75,16549.5,16585.55,0,2022-02-25,2022,2,25,09:30:00,24.75,False
2854,124881,2022-02-25 09:35:00+05:30,16581.7,16613.95,16581.7,16609.45,0,2022-02-25,2022,2,25,09:35:00,-27.75,False
2855,124882,2022-02-25 09:40:00+05:30,16632.25,16633.5,16581.6,16583.1,0,2022-02-25,2022,2,25,09:40:00,49.150000000001455,True
2856,124883,2022-02-25 09:45:00+05:30,16658.4,16660.35,16631.9,16631.9,0,2022-02-25,2022,2,25,09:45:00,26.5,False
2857,124884,2022-02-25 09:50:00+05:30,16670.55,16690.7,16657.55,16658.05,0,2022-02-25,2022,2,25,09:50:00,12.5,False
2858,124885,2022-02-25 09:55:00+05:30,16655.45,16670.5,16633.25,16670.5,0,2022-02-25,2022,2,25,09:55:00,-15.049999999999272,False
2859,124886,2022-02-25 10:00:00+05:30,16626.75,16665.05,16620.35,16654.85,0,2022-02-25,2022,2,25,10:00:00,-28.099999999998545,False
2930,124957,2022-02-28 09:40:00+05:30,16456.4,16456.4,16389.2,16393.4,0,2022-02-28,2022,2,28,09:40:00,63.0,True
2931,124958,2022-02-28 09:45:00+05:30,16450.55,16462.45,16424.6,16456.8,0,2022-02-28,2022,2,28,09:45:00,-6.25,False
2932,124959,2022-02-28 09:50:00+05:30,16427.3,16450.8,16408.95,16450.8,0,2022-02-28,2022,2,28,09:50:00,-23.5,False
2933,124960,2022-02-28 09:55:00+05:30,16444.0,16446.8,16417.25,16426.55,0,2022-02-28,2022,2,28,09:55:00,17.450000000000728,False
2934,124961,2022-02-28 10:00:00+05:30,16456.05,16458.35,16426.4,16444.5,0,2022-02-28,2022,2,28,10:00:00,11.549999999999272,False
2935,124962,2022-02-28 10:05:00+05:30,16451.6,16460.4,16433.75,16457.1,0,2022-02-28,2022,2,28,10:05:00,-5.5,False
2936,124963,2022-02-28 10:10:00+05:30,16450.45,16453.75,16431.5,16452.2,0,2022-02-28,2022,2,28,10:10:00,-1.75,False
2937,124964,2022-02-28 10:15:00+05:30,16471.85,16471.85,16440.15,16450.8,0,2022-02-28,2022,2,28,10:15:00,21.049999999999272,False
2938,124965,2022-02-28 10:20:00+05:30,16467.55,16480.95,16466.15,16472.05,0,2022-02-28,2022,2,28,10:20:00,-4.5,False
2939,124966,2022-02-28 10:25:00+05:30,16470.95,16474.2,16457.15,16467.15,0,2022-02-28,2022,2,28,10:25:00,3.7999999999992724,False
2984,125011,2022-02-28 14:10:00+05:30,16699.5,16700.85,16649.95,16650.5,0,2022-02-28,2022,2,28,14:10:00,49.0,True
2985,125012,2022-02-28 14:15:00+05:30,16688.1,16705.6,16687.5,16698.95,0,2022-02-28,2022,2,28,14:15:00,-10.850000000002183,False
2986,125013,2022-02-28 14:20:00+05:30,16710.85,16718.25,16683.7,16687.4,0,2022-02-28,2022,2,28,14:20:00,23.44999999999709,False
2987,125014,2022-02-28 14:25:00+05:30,16716.2,16716.85,16697.95,16710.85,0,2022-02-28,2022,2,28,14:25:00,5.350000000002183,False
2988,125015,2022-02-28 14:30:00+05:30,16705.6,16718.2,16682.95,16716.35,0,2022-02-28,2022,2,28,14:30:00,-10.75,False
2989,125016,2022-02-28 14:35:00+05:30,16723.65,16725.05,16700.6,16706.1,0,2022-02-28,2022,2,28,14:35:00,17.55000000000291,False
2990,125017,2022-02-28 14:40:00+05:30,16724.15,16736.9,16716.25,16724.65,0,2022-02-28,2022,2,28,14:40:00,-0.5,False
2991,125018,2022-02-28 14:45:00+05:30,16725.65,16733.55,16710.9,16724.2,0,2022-02-28,2022,2,28,14:45:00,1.4500000000007276,False
2992,125019,2022-02-28 14:50:00+05:30,16736.15,16748.25,16721.7,16725.15,0,2022-02-28,2022,2,28,14:50:00,11.0,False
2993,125020,2022-02-28 14:55:00+05:30,16739.1,16744.3,16725.65,16736.1,0,2022-02-28,2022,2,28,14:55:00,3.0,False
3001,125028,2022-03-02 09:20:00+05:30,16656.8,16656.8,16601.65,16612.0,0,2022-03-02,2022,3,2,09:20:00,44.79999999999927,True
3002,125029,2022-03-02 09:25:00+05:30,16677.5,16677.75,16653.1,16657.3,0,2022-03-02,2022,3,2,09:25:00,20.200000000000728,False
3003,125030,2022-03-02 09:30:00+05:30,16643.35,16677.25,16631.15,16677.25,0,2022-03-02,2022,3,2,09:30:00,-33.900000000001455,False
3004,125031,2022-03-02 09:35:00+05:30,16638.45,16646.05,16616.65,16642.75,0,2022-03-02,2022,3,2,09:35:00,-4.299999999999272,False
3005,125032,2022-03-02 09:40:00+05:30,16617.4,16659.9,16616.45,16641.0,0,2022-03-02,2022,3,2,09:40:00,-23.599999999998545,False
3006,125033,2022-03-02 09:45:00+05:30,16592.6,16621.2,16582.75,16616.3,0,2022-03-02,2022,3,2,09:45:00,-23.700000000000728,False
3007,125034,2022-03-02 09:50:00+05:30,16575.15,16608.1,16568.1,16592.85,0,2022-03-02,2022,3,2,09:50:00,-17.69999999999709,False
3008,125035,2022-03-02 09:55:00+05:30,16589.15,16595.7,16557.95,16574.4,0,2022-03-02,2022,3,2,09:55:00,14.75,False
3009,125036,2022-03-02 10:00:00+05:30,16562.4,16588.8,16545.9,16588.8,0,2022-03-02,2022,3,2,10:00:00,-26.399999999997817,False
3010,125037,2022-03-02 10:05:00+05:30,16570.55,16573.25,16554.4,16563.05,0,2022-03-02,2022,3,2,10:05:00,7.5,False
3045,125072,2022-03-02 13:00:00+05:30,16570.45,16571.25,16525.2,16530.15,0,2022-03-02,2022,3,2,13:00:00,40.29999999999927,True
3046,125073,2022-03-02 13:05:00+05:30,16562.8,16577.75,16559.5,16570.9,0,2022-03-02,2022,3,2,13:05:00,-8.100000000002183,False
3047,125074,2022-03-02 13:10:00+05:30,16548.7,16565.7,16544.1,16561.85,0,2022-03-02,2022,3,2,13:10:00,-13.149999999997817,False
3048,125075,2022-03-02 13:15:00+05:30,16555.05,16555.05,16530.85,16548.85,0,2022-03-02,2022,3,2,13:15:00,6.200000000000728,False
3049,125076,2022-03-02 13:20:00+05:30,16545.05,16562.95,16535.85,16555.15,0,2022-03-02,2022,3,2,13:20:00,-10.100000000002183,False
3050,125077,2022-03-02 13:25:00+05:30,16527.2,16545.4,16515.25,16545.25,0,2022-03-02,2022,3,2,13:25:00,-18.049999999999272,False
3051,125078,2022-03-02 13:30:00+05:30,16529.25,16543.3,16525.95,16526.4,0,2022-03-02,2022,3,2,13:30:00,2.849999999998545,False
3052,125079,2022-03-02 13:35:00+05:30,16531.9,16544.15,16524.6,16529.6,0,2022-03-02,2022,3,2,13:35:00,2.3000000000029104,False
3053,125080,2022-03-02 13:40:00+05:30,16546.3,16551.8,16525.95,16531.75,0,2022-03-02,2022,3,2,13:40:00,14.549999999999272,False
3054,125081,2022-03-02 13:45:00+05:30,16555.2,16559.7,16546.4,16546.4,0,2022-03-02,2022,3,2,13:45:00,8.799999999999272,False
3126,125153,2022-03-03 13:30:00+05:30,16533.25,16534.0,16482.0,16488.15,0,2022-03-03,2022,3,3,13:30:00,45.099999999998545,True
3127,125154,2022-03-03 13:35:00+05:30,16545.55,16547.7,16528.6,16533.9,0,2022-03-03,2022,3,3,13:35:00,11.649999999997817,False
3128,125155,2022-03-03 13:40:00+05:30,16549.45,16550.35,16529.75,16545.05,0,2022-03-03,2022,3,3,13:40:00,4.400000000001455,False
3129,125156,2022-03-03 13:45:00+05:30,16570.1,16575.05,16549.1,16549.6,0,2022-03-03,2022,3,3,13:45:00,20.5,False
3130,125157,2022-03-03 13:50:00+05:30,16569.2,16576.1,16551.35,16570.05,0,2022-03-03,2022,3,3,13:50:00,-0.8499999999985448,False
3131,125158,2022-03-03 13:55:00+05:30,16563.1,16572.1,16554.9,16569.65,0,2022-03-03,2022,3,3,13:55:00,-6.55000000000291,False
3132,125159,2022-03-03 14:00:00+05:30,16533.7,16563.0,16533.6,16562.15,0,2022-03-03,2022,3,3,14:00:00,-28.450000000000728,False
3133,125160,2022-03-03 14:05:00+05:30,16521.45,16534.75,16517.4,16534.2,0,2022-03-03,2022,3,3,14:05:00,-12.75,False
3134,125161,2022-03-03 14:10:00+05:30,16512.75,16521.85,16498.4,16520.9,0,2022-03-03,2022,3,3,14:10:00,-8.150000000001455,False
3135,125162,2022-03-03 14:15:00+05:30,16501.1,16516.4,16489.75,16513.25,0,2022-03-03,2022,3,3,14:15:00,-12.150000000001455,False
3205,125232,2022-03-04 13:50:00+05:30,16442.15,16443.75,16393.45,16398.7,0,2022-03-04,2022,3,4,13:50:00,43.45000000000073,True
3206,125233,2022-03-04 13:55:00+05:30,16428.1,16442.25,16428.1,16442.25,0,2022-03-04,2022,3,4,13:55:00,-14.150000000001455,False
3207,125234,2022-03-04 14:00:00+05:30,16378.55,16427.95,16376.6,16427.95,0,2022-03-04,2022,3,4,14:00:00,-49.400000000001455,False
3208,125235,2022-03-04 14:05:00+05:30,16348.35,16385.35,16343.8,16377.95,0,2022-03-04,2022,3,4,14:05:00,-29.600000000000364,False
3209,125236,2022-03-04 14:10:00+05:30,16343.0,16359.7,16326.0,16349.85,0,2022-03-04,2022,3,4,14:10:00,-6.850000000000364,False
3210,125237,2022-03-04 14:15:00+05:30,16335.0,16360.9,16328.15,16342.75,0,2022-03-04,2022,3,4,14:15:00,-7.75,False
3211,125238,2022-03-04 14:20:00+05:30,16348.0,16364.3,16328.75,16334.5,0,2022-03-04,2022,3,4,14:20:00,13.5,False
3212,125239,2022-03-04 14:25:00+05:30,16351.6,16358.45,16335.7,16347.65,0,2022-03-04,2022,3,4,14:25:00,3.9500000000007276,False
3213,125240,2022-03-04 14:30:00+05:30,16358.5,16388.65,16343.25,16351.4,0,2022-03-04,2022,3,4,14:30:00,7.100000000000364,False
3214,125241,2022-03-04 14:35:00+05:30,16301.8,16358.15,16299.8,16358.15,0,2022-03-04,2022,3,4,14:35:00,-56.350000000000364,False
3227,125254,2022-03-11 09:25:00+05:30,16616.95,16617.7,16569.35,16576.65,0,2022-03-11,2022,3,11,09:25:00,40.29999999999927,True
3228,125255,2022-03-11 09:30:00+05:30,16634.85,16648.2,16618.2,16618.2,0,2022-03-11,2022,3,11,09:30:00,16.649999999997817,False
3229,125256,2022-03-11 09:35:00+05:30,16658.95,16665.6,16634.95,16635.25,0,2022-03-11,2022,3,11,09:35:00,23.700000000000728,False
3230,125257,2022-03-11 09:40:00+05:30,16643.25,16672.75,16641.55,16659.25,0,2022-03-11,2022,3,11,09:40:00,-16.0,False
3231,125258,2022-03-11 09:45:00+05:30,16640.3,16655.4,16625.65,16642.15,0,2022-03-11,2022,3,11,09:45:00,-1.8500000000021828,False
3232,125259,2022-03-11 09:50:00+05:30,16674.9,16674.9,16621.35,16640.15,0,2022-03-11,2022,3,11,09:50:00,34.75,False
3233,125260,2022-03-11 09:55:00+05:30,16667.75,16679.25,16660.8,16673.9,0,2022-03-11,2022,3,11,09:55:00,-6.150000000001455,False
3234,125261,2022-03-11 10:00:00+05:30,16680.9,16694.0,16658.3,16667.65,0,2022-03-11,2022,3,11,10:00:00,13.25,False
3235,125262,2022-03-11 10:05:00+05:30,16672.7,16685.55,16668.8,16678.5,0,2022-03-11,2022,3,11,10:05:00,-5.799999999999272,False
3236,125263,2022-03-11 10:10:00+05:30,16641.45,16674.9,16638.05,16672.6,0,2022-03-11,2022,3,11,10:10:00,-31.149999999997817,False
3384,125411,2022-03-15 10:00:00+05:30,16858.25,16870.0,16811.2,16818.1,0,2022-03-15,2022,3,15,10:00:00,40.150000000001455,True
3385,125412,2022-03-15 10:05:00+05:30,16866.25,16878.95,16858.45,16858.45,0,2022-03-15,2022,3,15,10:05:00,7.799999999999272,False
3386,125413,2022-03-15 10:10:00+05:30,16861.25,16869.55,16850.1,16866.05,0,2022-03-15,2022,3,15,10:10:00,-4.799999999999272,False
3387,125414,2022-03-15 10:15:00+05:30,16846.4,16872.3,16842.4,16861.2,0,2022-03-15,2022,3,15,10:15:00,-14.799999999999272,False
3388,125415,2022-03-15 10:20:00+05:30,16879.45,16879.45,16842.05,16847.4,0,2022-03-15,2022,3,15,10:20:00,32.04999999999927,False
3389,125416,2022-03-15 10:25:00+05:30,16887.85,16892.45,16879.35,16879.35,0,2022-03-15,2022,3,15,10:25:00,8.5,False
3390,125417,2022-03-15 10:30:00+05:30,16878.35,16892.15,16870.8,16888.4,0,2022-03-15,2022,3,15,10:30:00,-10.05000000000291,False
3391,125418,2022-03-15 10:35:00+05:30,16887.9,16887.9,16874.05,16877.85,0,2022-03-15,2022,3,15,10:35:00,10.05000000000291,False
3392,125419,2022-03-15 10:40:00+05:30,16875.6,16889.15,16861.3,16887.65,0,2022-03-15,2022,3,15,10:40:00,-12.05000000000291,False
3393,125420,2022-03-15 10:45:00+05:30,16863.9,16875.4,16856.05,16875.4,0,2022-03-15,2022,3,15,10:45:00,-11.5,False
3716,125743,2022-03-22 12:40:00+05:30,17138.55,17154.35,17067.0,17067.0,0,2022-03-22,2022,3,22,12:40:00,71.54999999999927,True
3717,125744,2022-03-22 12:45:00+05:30,17148.05,17167.15,17137.5,17138.0,0,2022-03-22,2022,3,22,12:45:00,10.049999999999272,False
3718,125745,2022-03-22 12:50:00+05:30,17149.45,17161.9,17138.35,17147.45,0,2022-03-22,2022,3,22,12:50:00,2.0,False
3719,125746,2022-03-22 12:55:00+05:30,17162.8,17164.05,17142.55,17150.4,0,2022-03-22,2022,3,22,12:55:00,12.399999999997817,False
3720,125747,2022-03-22 13:00:00+05:30,17181.6,17187.55,17162.95,17162.95,0,2022-03-22,2022,3,22,13:00:00,18.649999999997817,False
3721,125748,2022-03-22 13:05:00+05:30,17193.4,17193.4,17173.5,17184.05,0,2022-03-22,2022,3,22,13:05:00,9.350000000002183,False
3722,125749,2022-03-22 13:10:00+05:30,17229.85,17230.85,17194.0,17194.0,0,2022-03-22,2022,3,22,13:10:00,35.849999999998545,False
3723,125750,2022-03-22 13:15:00+05:30,17223.55,17244.5,17215.75,17231.0,0,2022-03-22,2022,3,22,13:15:00,-7.450000000000728,False
3724,125751,2022-03-22 13:20:00+05:30,17235.1,17236.8,17211.3,17224.05,0,2022-03-22,2022,3,22,13:20:00,11.049999999999272,False
3725,125752,2022-03-22 13:25:00+05:30,17243.25,17248.45,17233.9,17234.65,0,2022-03-22,2022,3,22,13:25:00,8.599999999998545,False
3825,125852,2022-03-24 09:15:00+05:30,17155.95,17158.5,17094.55,17094.95,0,2022-03-24,2022,3,24,09:15:00,61.0,True
3826,125853,2022-03-24 09:20:00+05:30,17175.95,17182.65,17152.1,17156.9,0,2022-03-24,2022,3,24,09:20:00,19.049999999999272,False
3827,125854,2022-03-24 09:25:00+05:30,17200.15,17201.5,17166.65,17176.2,0,2022-03-24,2022,3,24,09:25:00,23.950000000000728,False
3828,125855,2022-03-24 09:30:00+05:30,17197.65,17206.95,17169.5,17200.9,0,2022-03-24,2022,3,24,09:30:00,-3.25,False
3829,125856,2022-03-24 09:35:00+05:30,17197.85,17212.5,17189.55,17197.5,0,2022-03-24,2022,3,24,09:35:00,0.3499999999985448,False
3830,125857,2022-03-24 09:40:00+05:30,17209.6,17217.4,17196.2,17197.3,0,2022-03-24,2022,3,24,09:40:00,12.299999999999272,False
3831,125858,2022-03-24 09:45:00+05:30,17208.8,17219.3,17194.6,17209.3,0,2022-03-24,2022,3,24,09:45:00,-0.5,False
3832,125859,2022-03-24 09:50:00+05:30,17245.5,17247.2,17208.75,17209.6,0,2022-03-24,2022,3,24,09:50:00,35.900000000001455,False
3833,125860,2022-03-24 09:55:00+05:30,17257.6,17257.6,17227.5,17245.85,0,2022-03-24,2022,3,24,09:55:00,11.75,False
3834,125861,2022-03-24 10:00:00+05:30,17257.1,17262.7,17245.2,17256.9,0,2022-03-24,2022,3,24,10:00:00,0.19999999999708962,False
3875,125902,2022-03-24 13:25:00+05:30,17214.65,17223.4,17163.0,17170.7,0,2022-03-24,2022,3,24,13:25:00,43.95000000000073,True
3876,125903,2022-03-24 13:30:00+05:30,17214.3,17221.7,17206.0,17214.3,0,2022-03-24,2022,3,24,13:30:00,0.0,False
3877,125904,2022-03-24 13:35:00+05:30,17194.7,17214.05,17194.5,17214.05,0,2022-03-24,2022,3,24,13:35:00,-19.349999999998545,False
3878,125905,2022-03-24 13:40:00+05:30,17186.5,17195.25,17173.8,17194.1,0,2022-03-24,2022,3,24,13:40:00,-7.599999999998545,False
3879,125906,2022-03-24 13:45:00+05:30,17179.2,17188.3,17167.0,17187.05,0,2022-03-24,2022,3,24,13:45:00,-7.849999999998545,False
3880,125907,2022-03-24 13:50:00+05:30,17185.2,17187.65,17174.7,17178.9,0,2022-03-24,2022,3,24,13:50:00,6.299999999999272,False
3881,125908,2022-03-24 13:55:00+05:30,17180.4,17189.8,17177.0,17185.4,0,2022-03-24,2022,3,24,13:55:00,-5.0,False
3882,125909,2022-03-24 14:00:00+05:30,17202.1,17202.1,17180.5,17180.5,0,2022-03-24,2022,3,24,14:00:00,21.599999999998545,False
3883,125910,2022-03-24 14:05:00+05:30,17213.55,17218.3,17198.5,17202.9,0,2022-03-24,2022,3,24,14:05:00,10.649999999997817,False
3884,125911,2022-03-24 14:10:00+05:30,17224.95,17229.75,17211.5,17212.55,0,2022-03-24,2022,3,24,14:10:00,12.400000000001455,False
4010,126037,2022-03-28 12:10:00+05:30,17050.4,17061.0,17006.25,17008.7,0,2022-03-28,2022,3,28,12:10:00,41.70000000000073,True
4011,126038,2022-03-28 12:15:00+05:30,17080.4,17095.55,17050.85,17051.05,0,2022-03-28,2022,3,28,12:15:00,29.350000000002183,False
4012,126039,2022-03-28 12:20:00+05:30,17074.9,17090.65,17065.0,17079.25,0,2022-03-28,2022,3,28,12:20:00,-4.349999999998545,False
4013,126040,2022-03-28 12:25:00+05:30,17077.6,17084.65,17073.1,17075.5,0,2022-03-28,2022,3,28,12:25:00,2.099999999998545,False
4014,126041,2022-03-28 12:30:00+05:30,17136.25,17136.25,17076.25,17077.6,0,2022-03-28,2022,3,28,12:30:00,58.650000000001455,True
4015,126042,2022-03-28 12:35:00+05:30,17141.0,17162.45,17135.25,17135.25,0,2022-03-28,2022,3,28,12:35:00,5.75,False
4016,126043,2022-03-28 12:40:00+05:30,17142.85,17143.7,17131.45,17140.8,0,2022-03-28,2022,3,28,12:40:00,2.0499999999992724,False
4017,126044,2022-03-28 12:45:00+05:30,17162.45,17165.1,17143.25,17143.25,0,2022-03-28,2022,3,28,12:45:00,19.200000000000728,False
4018,126045,2022-03-28 12:50:00+05:30,17176.8,17181.75,17159.5,17161.9,0,2022-03-28,2022,3,28,12:50:00,14.899999999997817,False
4019,126046,2022-03-28 12:55:00+05:30,17196.75,17196.75,17173.7,17177.1,0,2022-03-28,2022,3,28,12:55:00,19.650000000001455,False
