,0
0,2022-01-03 09:15:00+05:30
1,2022-01-04 09:40:00+05:30
2,2022-01-05 09:40:00+05:30
3,2022-01-14 09:20:00+05:30
4,2022-01-17 09:15:00+05:30
5,2022-01-19 09:45:00+05:30
6,2022-01-21 09:30:00+05:30
7,2022-01-24 09:40:00+05:30
8,2022-01-24 14:15:00+05:30
9,2022-01-25 09:20:00+05:30
10,2022-01-25 13:45:00+05:30
11,2022-01-27 09:20:00+05:30
12,2022-01-27 13:00:00+05:30
13,2022-01-28 09:15:00+05:30
14,2022-02-01 12:35:00+05:30
15,2022-02-01 13:25:00+05:30
16,2022-02-04 09:20:00+05:30
17,2022-02-07 09:15:00+05:30
18,2022-02-07 14:00:00+05:30
19,2022-02-09 09:45:00+05:30
20,2022-02-10 10:05:00+05:30
21,2022-02-14 09:20:00+05:30
22,2022-02-15 09:15:00+05:30
23,2022-02-16 09:25:00+05:30
24,2022-02-22 09:15:00+05:30
25,2022-02-22 13:55:00+05:30
26,2022-02-24 09:15:00+05:30
27,2022-02-24 13:00:00+05:30
28,2022-02-25 09:15:00+05:30
29,2022-02-28 09:40:00+05:30
30,2022-02-28 14:10:00+05:30
31,2022-03-02 09:20:00+05:30
32,2022-03-02 13:00:00+05:30
33,2022-03-03 13:30:00+05:30
34,2022-03-04 13:50:00+05:30
35,2022-03-11 09:25:00+05:30
36,2022-03-15 10:00:00+05:30
37,2022-03-22 12:40:00+05:30
38,2022-03-24 09:15:00+05:30
39,2022-03-24 13:25:00+05:30
40,2022-03-28 12:10:00+05:30
41,2022-03-31 09:30:00+05:30
42,2022-04-01 09:15:00+05:30
43,2022-04-04 10:00:00+05:30
44,2022-04-06 11:55:00+05:30
45,2022-04-27 14:40:00+05:30
46,2022-05-02 09:15:00+05:30
47,2022-05-05 10:05:00+05:30
48,2022-05-06 11:30:00+05:30
49,2022-05-06 13:25:00+05:30
50,2022-05-09 09:35:00+05:30
51,2022-05-09 12:40:00+05:30
52,2022-05-09 14:30:00+05:30
53,2022-05-10 09:15:00+05:30
54,2022-05-11 14:00:00+05:30
55,2022-05-12 13:15:00+05:30
56,2022-05-13 09:25:00+05:30
57,2022-05-16 09:20:00+05:30
58,2022-05-18 13:30:00+05:30
59,2022-05-20 09:20:00+05:30
60,2022-05-26 13:00:00+05:30
61,2022-05-30 09:20:00+05:30
62,2022-06-01 09:15:00+05:30
63,2022-06-02 09:25:00+05:30
64,2022-06-06 09:45:00+05:30
65,2022-06-08 10:30:00+05:30
66,2022-06-14 09:15:00+05:30
67,2022-06-16 13:30:00+05:30
68,2022-06-17 09:40:00+05:30
69,2022-06-17 12:50:00+05:30
70,2022-06-24 09:15:00+05:30
71,2022-06-24 13:45:00+05:30
72,2022-06-30 09:15:00+05:30
73,2022-06-30 12:35:00+05:30
74,2022-07-01 10:20:00+05:30
75,2022-07-04 09:20:00+05:30
76,2022-07-06 09:15:00+05:30
77,2022-07-19 09:15:00+05:30
78,2022-08-01 09:20:00+05:30
79,2022-08-04 11:50:00+05:30
80,2022-08-05 09:20:00+05:30
81,2022-08-08 09:25:00+05:30
82,2022-08-23 09:15:00+05:30
83,2022-08-23 11:30:00+05:30
84,2022-08-24 09:15:00+05:30
85,2022-09-01 09:15:00+05:30
86,2022-09-05 09:15:00+05:30
87,2022-09-06 09:15:00+05:30
88,2022-09-07 09:15:00+05:30
89,2022-09-14 09:15:00+05:30
90,2022-09-16 14:25:00+05:30
91,2022-09-19 09:30:00+05:30
92,2022-09-26 09:20:00+05:30
93,2022-09-27 12:30:00+05:30
94,2022-09-30 10:30:00+05:30
95,2022-10-10 12:30:00+05:30
